Player 1,Player 2
J. Sinner,A. Rinderknech
T. Atmane,R. Gasquet
J. Lehecka,J. Thompson
P. Llamas Ruiz,A. Davidovich Fokina
A. Rublev,L. Harris
M. Marterer,A. Walton
C. Ugo Carabelli,J. Munar
N. Jarry,A. Fils
A. de Minaur,L. Djere
A. Bublik,J. Duckworth
N. Basilashvili,H. Rocha
A. Muller,J. Mensik
H. Hurkacz,J. Fonseca
P. Herbert,B. Bonzi
G. Monfils,H. Dellien
M. Bellucci,J. Draper
A. Zverev,L. Tien
J. De Jong,F. Passaro
M. Cilic,F. Cobolli
M. Arnaldi,F. Auger-Aliassime
F. Cerundolo,G. Diallo
M. Giron,T. Griekspoor
A. Shevchenko,D. Lajovic
E. Quinn,G. Dimitrov
D. Medvedev,C. Norrie
A. Kovacevic,E. Ruusuvuori
J. Fearnley,S. Wawrinka
C. O'Connell,U. Humbert
D. Shapovalov,P. Martinez
F. Misolic,Y. Bu
C. Moutet,C. Tabur
M. McDonald,N. Djokovic
L. Musetti,Y. Hanfmann
V. Royer,R. Carballes Baena
R. Opelka,R. Hijikata
M. Navone,B. Nakashima
T. Machac,Q. Halys
M. Kecmanovic,S. Baez
E. Nava,B. Van de Zandschulp
R. Bautista Agut,H. Rune
F. Tiafoe,R. Safiullin
P. Carreno Busta,F. Comesana
J. Brooksby,J. Faria
L. Darderi,S. Korda
A. Michelsen,J. Cerundolo
K. Majchrzak,H. Medjedovic
V. Kopriva,T. Monteiro
D. Altmaier,T. Fritz
C. Ruud,A. Ramos-Vinolas
K. Jacquet,N. Borges
A. Tabilo,A. Cazaux
Y. Nishioka,A. Popyrin
K. Khachanov,A. Vukic
S. Ofner,J. Struff
M. Fucsovics,T. Schoolkate
E. Moller,T. Paul
B. Shelton,L. Sonego
H. Gaston,U. Blanchet
B. Hassan,M. Gigante
T. Etcheverry,S. Tsitsipas
G. Mpetshi Perricard,Z. Bergs
T. Tirante,D. Dzumhur
F. Marozsan,L. Nardi
G. Zeppieri,C. Alcaraz
